person_id,start_date_record,end_date_record,event_code,event_record_vocabulary,text_linked_to_event_code,event_free_text,present_on_admission,laterality_of_event,meaning_of_event,origin_of_event,visit_occurrence_id
ConCDM_SIM_200421_00030,20140305,,345,ICD9,,,,,exemption,SEA,
ConCDM_SIM_200421_00053,20121222,,193,ICD9,,,,,exemption,SEA,
ConCDM_SIM_200421_00053,20130227,,0,ICD9,,,,,exemption,SEA,
ConCDM_SIM_200421_00053,20171202,,401,ICD9,,,,,exemption,SEA,
ConCDM_SIM_200421_00071,20020102,,0,ICD9,,,,,exemption,SEA,
ConCDM_SIM_200421_00071,20011216,,0,ICD9,,,,,exemption,SEA,
ConCDM_SIM_200421_00071,20190525,,250,ICD9,,,,,exemption,SEA,
ConCDM_SIM_200421_00071,20171119,,401,ICD9,,,,,exemption,SEA,
ConCDM_SIM_200421_00071,20171009,,401,ICD9,,,,,exemption,SEA,
ConCDM_SIM_200421_00071,20120617,,556,ICD9,,,,,exemption,SEA,
ConCDM_SIM_200421_00071,20171218,,401,ICD9,,,,,exemption,SEA,
ConCDM_SIM_200421_00080,20131002,,42,ICD9,,,,,exemption,SEA,
ConCDM_SIM_200421_00092,20130510,,414,ICD9,,,,,exemption,SEA,
ConCDM_SIM_200421_00092,20130614,,401,ICD9,,,,,exemption,SEA,
ConCDM_SIM_200421_00092,20130527,,414,ICD9,,,,,exemption,SEA,
ConCDM_SIM_200421_00101,20030608,,70.54,ICD9,,,,,exemption,SEA,
ConCDM_SIM_200421_00101,20030905,,70.54,ICD9,,,,,exemption,SEA,
ConCDM_SIM_200421_00106,20110907,,714,ICD9,,,,,exemption,SEA,
ConCDM_SIM_200421_00106,20160220,,493,ICD9,,,,,exemption,SEA,
ConCDM_SIM_200421_00110,20090824,,11,ICD9,,,,,exemption,SEA,
ConCDM_SIM_200421_00118,20110402,,193,ICD9,,,,,exemption,SEA,
ConCDM_SIM_200421_00118,20160112,,401,ICD9,,,,,exemption,SEA,
ConCDM_SIM_200421_00118,20160127,,244,ICD9,,,,,exemption,SEA,
ConCDM_SIM_200421_00119,20100616,,245.2,ICD9,,,,,exemption,SEA,
ConCDM_SIM_200421_00119,20100606,,154.1,ICD9,,,,,exemption,SEA,
ConCDM_SIM_200421_00119,20100702,,0,ICD9,,,,,exemption,SEA,
ConCDM_SIM_200421_00119,20100417,,154.1,ICD9,,,,,exemption,SEA,
ConCDM_SIM_200421_00119,20100410,,245.2,ICD9,,,,,exemption,SEA,
ConCDM_SIM_200421_00132,20151020,,414,ICD9,,,,,exemption,SEA,
ConCDM_SIM_200421_00144,20171006,,174.9,ICD9,,,,,exemption,SEA,
ConCDM_SIM_200421_00144,20171028,,174.9,ICD9,,,,,exemption,SEA,
ConCDM_SIM_200421_00150,20050619,,307.51,ICD9,,,,,exemption,SEA,
ConCDM_SIM_200421_00150,20050829,,307.1,ICD9,,,,,exemption,SEA,
ConCDM_SIM_200421_00150,20120403,,414,ICD9,,,,,exemption,SEA,
ConCDM_SIM_200421_00150,20050617,,307.51,ICD9,,,,,exemption,SEA,
ConCDM_SIM_200421_00154,20160922,,V43.4,ICD9,,,,,exemption,SEA,
ConCDM_SIM_200421_00154,20190220,,405,ICD9,,,,,exemption,SEA,
ConCDM_SIM_200421_00154,20080618,,440,ICD9,,,,,exemption,SEA,
ConCDM_SIM_200421_00154,20160904,,V43.4,ICD9,,,,,exemption,SEA,
ConCDM_SIM_200421_00154,20190307,,405,ICD9,,,,,exemption,SEA,
ConCDM_SIM_200421_00154,20010914,,189,ICD9,,,,,exemption,SEA,
ConCDM_SIM_200421_00167,20121111,,401,ICD9,,,,,exemption,SEA,
ConCDM_SIM_200421_00168,20130603,,243,ICD9,,,,,exemption,SEA,
ConCDM_SIM_200421_00186,20170915,,401,ICD9,,,,,exemption,SEA,
ConCDM_SIM_200421_00186,20170912,,V45.0,ICD9,,,,,exemption,SEA,
ConCDM_SIM_200421_00186,20170710,,V45.0,ICD9,,,,,exemption,SEA,
ConCDM_SIM_200421_00190,20050723,,193,ICD9,,,,,exemption,SEA,
ConCDM_SIM_200421_00192,20190711,,401,ICD9,,,,,exemption,SEA,
ConCDM_SIM_200421_00201,20141222,,70.54,ICD9,,,,,exemption,SEA,
ConCDM_SIM_200421_00201,20141102,,70.54,ICD9,,,,,exemption,SEA,
ConCDM_SIM_200421_00201,20171205,,401,ICD9,,,,,exemption,SEA,
ConCDM_SIM_200421_00207,20121229,,0,ICD9,,,,,exemption,SEA,
ConCDM_SIM_200421_00207,20121114,,0,ICD9,,,,,exemption,SEA,
ConCDM_SIM_200421_00214,20120111,,579,ICD9,,,,,exemption,SEA,
ConCDM_SIM_200421_00215,20180715,,272,ICD9,,,,,exemption,SEA,
ConCDM_SIM_200421_00215,20100404,,493,ICD9,,,,,exemption,SEA,
ConCDM_SIM_200421_00242,20130614,,0,ICD9,,,,,exemption,SEA,
ConCDM_SIM_200421_00250,20070107,,250,ICD9,,,,,exemption,SEA,
ConCDM_SIM_200421_00250,20110829,,205,ICD9,,,,,exemption,SEA,
ConCDM_SIM_200421_00250,20111026,,205,ICD9,,,,,exemption,SEA,
ConCDM_SIM_200421_00268,20121003,,245.2,ICD9,,,,,exemption,SEA,
ConCDM_SIM_200421_00283,20020224,,493,ICD9,,,,,exemption,SEA,
ConCDM_SIM_200421_00283,20020422,,493,ICD9,,,,,exemption,SEA,
ConCDM_SIM_200421_00293,20040628,,493,ICD9,,,,,exemption,SEA,
ConCDM_SIM_200421_00294,20130911,,244,ICD9,,,,,exemption,SEA,
ConCDM_SIM_200421_00320,20140130,,172.5,ICD9,,,,,exemption,SEA,
ConCDM_SIM_200421_00346,20200213,,365.1,ICD9,,,,,exemption,SEA,
ConCDM_SIM_200421_00346,20091010,,340,ICD9,,,,,exemption,SEA,
ConCDM_SIM_200421_00346,20170311,,250,ICD9,,,,,exemption,SEA,
ConCDM_SIM_200421_00346,20170220,,250,ICD9,,,,,exemption,SEA,
ConCDM_SIM_200421_00360,20170308,,493,ICD9,,,,,exemption,SEA,
ConCDM_SIM_200421_00360,20010603,,"",ICD9,,,,,exemption,SEA,
ConCDM_SIM_200421_00360,20060301,,270,ICD9,,,,,exemption,SEA,
ConCDM_SIM_200421_00371,20120104,,0,ICD9,,,,,exemption,SEA,
ConCDM_SIM_200421_00374,20170330,,V42.0,ICD9,,,,,exemption,SEA,
ConCDM_SIM_200421_00374,20000423,,585,ICD9,,,,,exemption,SEA,
ConCDM_SIM_200421_00374,20040607,,242.2,ICD9,,,,,exemption,SEA,
ConCDM_SIM_200421_00374,20040729,,242.2,ICD9,,,,,exemption,SEA,
ConCDM_SIM_200421_00374,20161228,,V42.0,ICD9,,,,,exemption,SEA,
ConCDM_SIM_200421_00374,20000505,,244,ICD9,,,,,exemption,SEA,
ConCDM_SIM_200421_00374,20000203,,585,ICD9,,,,,exemption,SEA,
ConCDM_SIM_200421_00374,20141126,,"",ICD9,,,,,exemption,SEA,
ConCDM_SIM_200421_00374,20000418,,244,ICD9,,,,,exemption,SEA,
ConCDM_SIM_200421_00374,20100501,,414,ICD9,,,,,exemption,SEA,
ConCDM_SIM_200421_00391,20100325,,174.9,ICD9,,,,,exemption,SEA,
ConCDM_SIM_200421_00391,20081130,,0,ICD9,,,,,exemption,SEA,
ConCDM_SIM_200421_00408,20161123,,0,ICD9,,,,,exemption,SEA,
ConCDM_SIM_200421_00408,20110724,,0,ICD9,,,,,exemption,SEA,
ConCDM_SIM_200421_00408,20160719,,250,ICD9,,,,,exemption,SEA,
ConCDM_SIM_200421_00408,20161105,,0,ICD9,,,,,exemption,SEA,
ConCDM_SIM_200421_00418,20170328,,720,ICD9,,,,,exemption,SEA,
ConCDM_SIM_200421_00426,20200428,,345,ICD9,,,,,exemption,SEA,
ConCDM_SIM_200421_00426,20160719,,0,ICD9,,,,,exemption,SEA,
ConCDM_SIM_200421_00426,20150527,,202,ICD9,,,,,exemption,SEA,
ConCDM_SIM_200421_00426,20160707,,0,ICD9,,,,,exemption,SEA,
ConCDM_SIM_200421_00430,20191117,,174.9,ICD9,,,,,exemption,SEA,
ConCDM_SIM_200421_00446,20100728,,0,ICD9,,,,,exemption,SEA,
ConCDM_SIM_200421_00458,20150122,,0,ICD9,,,,,exemption,SEA,
ConCDM_SIM_200421_00461,20121009,,153.3,ICD9,,,,,exemption,SEA,
ConCDM_SIM_200421_00461,19991214,,345,ICD9,,,,,exemption,SEA,
ConCDM_SIM_200421_00480,20190327,,427,ICD9,,,,,exemption,SEA,
ConCDM_SIM_200421_00493,20130616,,185,ICD9,,,,,exemption,SEA,
ConCDM_SIM_200421_00509,20071016,,0,ICD9,,,,,exemption,SEA,
ConCDM_SIM_200421_00529,20100503,,0,ICD9,,,,,exemption,SEA,
ConCDM_SIM_200421_00530,19980328,,0,ICD9,,,,,exemption,SEA,
ConCDM_SIM_200421_00530,19980301,,0,ICD9,,,,,exemption,SEA,
ConCDM_SIM_200421_00532,20100402,,70.54,ICD9,,,,,exemption,SEA,
ConCDM_SIM_200421_00532,20160905,,188,ICD9,,,,,exemption,SEA,
ConCDM_SIM_200421_00532,20040618,,202,ICD9,,,,,exemption,SEA,
ConCDM_SIM_200421_00532,20100328,,70.54,ICD9,,,,,exemption,SEA,
ConCDM_SIM_200421_00534,20041213,,250,ICD9,,,,,exemption,SEA,
ConCDM_SIM_200421_00534,20041209,,250,ICD9,,,,,exemption,SEA,
ConCDM_SIM_200421_00546,20120331,,493,ICD9,,,,,exemption,SEA,
ConCDM_SIM_200421_00556,20030608,,244,ICD9,,,,,exemption,SEA,
ConCDM_SIM_200421_00556,20160128,,174.9,ICD9,,,,,exemption,SEA,
ConCDM_SIM_200421_00556,20030718,,245.2,ICD9,,,,,exemption,SEA,
ConCDM_SIM_200421_00556,20170619,,0,ICD9,,,,,exemption,SEA,
ConCDM_SIM_200421_00574,20120820,,245.2,ICD9,,,,,exemption,SEA,
ConCDM_SIM_200421_00574,20120820,,245.2,ICD9,,,,,exemption,SEA,
ConCDM_SIM_200421_00591,20080421,,0,ICD9,,,,,exemption,SEA,
ConCDM_SIM_200421_00591,20080424,,0,ICD9,,,,,exemption,SEA,
ConCDM_SIM_200421_00627,20120309,,555,ICD9,,,,,exemption,SEA,
ConCDM_SIM_200421_00627,20120318,,555,ICD9,,,,,exemption,SEA,
ConCDM_SIM_200421_00627,20070102,,250,ICD9,,,,,exemption,SEA,
ConCDM_SIM_200421_00628,20121201,,401,ICD9,,,,,exemption,SEA,
ConCDM_SIM_200421_00629,20100327,,493,ICD9,,,,,exemption,SEA,
ConCDM_SIM_200421_00629,20100207,,493,ICD9,,,,,exemption,SEA,
ConCDM_SIM_200421_00635,20200319,,397,ICD9,,,,,exemption,SEA,
ConCDM_SIM_200421_00639,20110217,,245.2,ICD9,,,,,exemption,SEA,
ConCDM_SIM_200421_00641,20091106,,345,ICD9,,,,,exemption,SEA,
ConCDM_SIM_200421_00641,20100112,,345,ICD9,,,,,exemption,SEA,
ConCDM_SIM_200421_00669,20171105,,579,ICD9,,,,,exemption,SEA,
ConCDM_SIM_200421_00669,20171212,,579,ICD9,,,,,exemption,SEA,
ConCDM_SIM_200421_00689,19991121,,556,ICD9,,,,,exemption,SEA,
ConCDM_SIM_200421_00702,20150716,,174.9,ICD9,,,,,exemption,SEA,
ConCDM_SIM_200421_00704,20130513,,0,ICD9,,,,,exemption,SEA,
ConCDM_SIM_200421_00704,20061231,,250,ICD9,,,,,exemption,SEA,
ConCDM_SIM_200421_00704,20150109,,153.3,ICD9,,,,,exemption,SEA,
ConCDM_SIM_200421_00704,20140514,,365.8,ICD9,,,,,exemption,SEA,
ConCDM_SIM_200421_00704,20141206,,401,ICD9,,,,,exemption,SEA,
ConCDM_SIM_200421_00704,20150116,,153.3,ICD9,,,,,exemption,SEA,
ConCDM_SIM_200421_00704,20140513,,365.8,ICD9,,,,,exemption,SEA,
ConCDM_SIM_200421_00715,20090710,,0,ICD9,,,,,exemption,SEA,
ConCDM_SIM_200421_00726,20080909,,157,ICD9,,,,,exemption,SEA,
ConCDM_SIM_200421_00727,20090709,,245.2,ICD9,,,,,exemption,SEA,
ConCDM_SIM_200421_00730,20140720,,V45.0,ICD9,,,,,exemption,SEA,
ConCDM_SIM_200421_00730,20111021,,714,ICD9,,,,,exemption,SEA,
ConCDM_SIM_200421_00730,20140602,,V45.0,ICD9,,,,,exemption,SEA,
ConCDM_SIM_200421_00734,20120702,,189,ICD9,,,,,exemption,SEA,
ConCDM_SIM_200421_00734,20120526,,585,ICD9,,,,,exemption,SEA,
ConCDM_SIM_200421_00736,20140516,,0,ICD9,,,,,exemption,SEA,
ConCDM_SIM_200421_00736,20140606,,0,ICD9,,,,,exemption,SEA,
ConCDM_SIM_200421_00739,20120210,,427,ICD9,,,,,exemption,SEA,
ConCDM_SIM_200421_00742,20010808,,0,ICD9,,,,,exemption,SEA,
ConCDM_SIM_200421_00747,20170209,,171,ICD9,,,,,exemption,SEA,
ConCDM_SIM_200421_00758,20130409,,571.5,ICD9,,,,,exemption,SEA,
ConCDM_SIM_200421_00767,20160321,,585,ICD9,,,,,exemption,SEA,
ConCDM_SIM_200421_00785,20020428,,242,ICD9,,,,,exemption,SEA,
ConCDM_SIM_200421_00785,20020719,,242,ICD9,,,,,exemption,SEA,
ConCDM_SIM_200421_00792,20041119,,579,ICD9,,,,,exemption,SEA,
ConCDM_SIM_200421_00805,20161130,,493,ICD9,,,,,exemption,SEA,
ConCDM_SIM_200421_00812,20150904,,174.9,ICD9,,,,,exemption,SEA,
ConCDM_SIM_200421_00812,20080522,,414,ICD9,,,,,exemption,SEA,
ConCDM_SIM_200421_00812,20080716,,401,ICD9,,,,,exemption,SEA,
ConCDM_SIM_200421_00812,20080810,,440,ICD9,,,,,exemption,SEA,
ConCDM_SIM_200421_00812,20080508,,414,ICD9,,,,,exemption,SEA,
ConCDM_SIM_200421_00824,20200220,,153.3,ICD9,,,,,exemption,SEA,
ConCDM_SIM_200421_00834,20000530,,272.2,ICD9,,,,,exemption,SEA,
ConCDM_SIM_200421_00841,20190828,,245.2,ICD9,,,,,exemption,SEA,
ConCDM_SIM_200421_00842,20150430,,202,ICD9,,,,,exemption,SEA,
ConCDM_SIM_200421_00842,20150626,,202,ICD9,,,,,exemption,SEA,
ConCDM_SIM_200421_00842,20090714,,0,ICD9,,,,,exemption,SEA,
ConCDM_SIM_200421_00842,20090530,,0,ICD9,,,,,exemption,SEA,
ConCDM_SIM_200421_00852,20051119,,245.2,ICD9,,,,,exemption,SEA,
ConCDM_SIM_200421_00852,20051218,,245.2,ICD9,,,,,exemption,SEA,
ConCDM_SIM_200421_00878,20150729,,493,ICD9,,,,,exemption,SEA,
ConCDM_SIM_200421_00890,20190912,,174.9,ICD9,,,,,exemption,SEA,
ConCDM_SIM_200421_00907,20170110,,245.2,ICD9,,,,,exemption,SEA,
ConCDM_SIM_200421_00909,20131115,,242,ICD9,,,,,exemption,SEA,
ConCDM_SIM_200421_00909,20130926,,242,ICD9,,,,,exemption,SEA,
ConCDM_SIM_200421_00935,20120101,,245.2,ICD9,,,,,exemption,SEA,
ConCDM_SIM_200421_00961,20161028,,193,ICD9,,,,,exemption,SEA,
ConCDM_SIM_200421_00961,20161006,,193,ICD9,,,,,exemption,SEA,
